review,sentiment
I absolutely loved this movie! The plot was engaging and the characters were well developed.,1
Terrible movie. It was a waste of time.,0
The film had stunning visuals and a fantastic storyline.,1
I didn't enjoy the movie at all. The acting was poor.,0
Great direction and brilliant performance by the cast.,1
The plot was predictable and boring.,0
An amazing cinematic experience. Highly recommended!,1
The worst film I've seen this year.,0
Very entertaining and well-paced.,1
Awful script and bad acting ruined it.,0
I absolutely loved this movie! The plot was engaging and the characters were well developed.,1
Terrible movie. It was a waste of time.,0
The film had stunning visuals and a fantastic storyline.,1
I didn't enjoy the movie at all. The acting was poor.,0
Great direction and brilliant performance by the cast.,1
The plot was predictable and boring.,0
An amazing cinematic experience. Highly recommended!,1
The worst film I've seen this year.,0
Very entertaining and well-paced.,1
Awful script and bad acting ruined it.,0
I absolutely loved this movie! The plot was engaging and the characters were well developed.,1
Terrible movie. It was a waste of time.,0
The film had stunning visuals and a fantastic storyline.,1
I didn't enjoy the movie at all. The acting was poor.,0
Great direction and brilliant performance by the cast.,1
The plot was predictable and boring.,0
An amazing cinematic experience. Highly recommended!,1
The worst film I've seen this year.,0
Very entertaining and well-paced.,1
Awful script and bad acting ruined it.,0
I absolutely loved this movie! The plot was engaging and the characters were well developed.,1
Terrible movie. It was a waste of time.,0
The film had stunning visuals and a fantastic storyline.,1
I didn't enjoy the movie at all. The acting was poor.,0
Great direction and brilliant performance by the cast.,1
The plot was predictable and boring.,0
An amazing cinematic experience. Highly recommended!,1
The worst film I've seen this year.,0
Very entertaining and well-paced.,1
Awful script and bad acting ruined it.,0
I absolutely loved this movie! The plot was engaging and the characters were well developed.,1
Terrible movie. It was a waste of time.,0
The film had stunning visuals and a fantastic storyline.,1
I didn't enjoy the movie at all. The acting was poor.,0
Great direction and brilliant performance by the cast.,1
The plot was predictable and boring.,0
An amazing cinematic experience. Highly recommended!,1
The worst film I've seen this year.,0
Very entertaining and well-paced.,1
Awful script and bad acting ruined it.,0
I absolutely loved this movie! The plot was engaging and the characters were well developed.,1
Terrible movie. It was a waste of time.,0
The film had stunning visuals and a fantastic storyline.,1
I didn't enjoy the movie at all. The acting was poor.,0
Great direction and brilliant performance by the cast.,1
The plot was predictable and boring.,0
An amazing cinematic experience. Highly recommended!,1
The worst film I've seen this year.,0
Very entertaining and well-paced.,1
Awful script and bad acting ruined it.,0
I absolutely loved this movie! The plot was engaging and the characters were well developed.,1
Terrible movie. It was a waste of time.,0
The film had stunning visuals and a fantastic storyline.,1
I didn't enjoy the movie at all. The acting was poor.,0
Great direction and brilliant performance by the cast.,1
The plot was predictable and boring.,0
An amazing cinematic experience. Highly recommended!,1
The worst film I've seen this year.,0
Very entertaining and well-paced.,1
Awful script and bad acting ruined it.,0
I absolutely loved this movie! The plot was engaging and the characters were well developed.,1
Terrible movie. It was a waste of time.,0
The film had stunning visuals and a fantastic storyline.,1
I didn't enjoy the movie at all. The acting was poor.,0
Great direction and brilliant performance by the cast.,1
The plot was predictable and boring.,0
An amazing cinematic experience. Highly recommended!,1
The worst film I've seen this year.,0
Very entertaining and well-paced.,1
Awful script and bad acting ruined it.,0
I absolutely loved this movie! The plot was engaging and the characters were well developed.,1
Terrible movie. It was a waste of time.,0
The film had stunning visuals and a fantastic storyline.,1
I didn't enjoy the movie at all. The acting was poor.,0
Great direction and brilliant performance by the cast.,1
The plot was predictable and boring.,0
An amazing cinematic experience. Highly recommended!,1
The worst film I've seen this year.,0
Very entertaining and well-paced.,1
Awful script and bad acting ruined it.,0
I absolutely loved this movie! The plot was engaging and the characters were well developed.,1
Terrible movie. It was a waste of time.,0
The film had stunning visuals and a fantastic storyline.,1
I didn't enjoy the movie at all. The acting was poor.,0
Great direction and brilliant performance by the cast.,1
The plot was predictable and boring.,0
An amazing cinematic experience. Highly recommended!,1
The worst film I've seen this year.,0
Very entertaining and well-paced.,1
Awful script and bad acting ruined it.,0
